-- phpMyAdmin SQL Dump
-- version 5.2.1
-- https://www.phpmyadmin.net/
--
-- Host: 127.0.0.1
-- Generation Time: Jun 22, 2026 at 07:45 AM
-- Server version: 10.4.32-MariaDB
-- PHP Version: 8.2.12

SET SQL_MODE = "NO_AUTO_VALUE_ON_ZERO";
START TRANSACTION;
SET time_zone = "+00:00";


/*!40101 SET @OLD_CHARACTER_SET_CLIENT=@@CHARACTER_SET_CLIENT */;
/*!40101 SET @OLD_CHARACTER_SET_RESULTS=@@CHARACTER_SET_RESULTS */;
/*!40101 SET @OLD_COLLATION_CONNECTION=@@COLLATION_CONNECTION */;
/*!40101 SET NAMES utf8mb4 */;

--
-- Database: `e-filling`
--

-- --------------------------------------------------------

--
-- Table structure for table `ci_sessions`
--

CREATE TABLE `ci_sessions` (
  `id` varchar(40) NOT NULL,
  `ip_address` varchar(45) NOT NULL,
  `timestamp` int(10) UNSIGNED NOT NULL DEFAULT 0,
  `data` blob NOT NULL
) ENGINE=InnoDB DEFAULT CHARSET=latin1 COLLATE=latin1_swedish_ci;

--
-- Dumping data for table `ci_sessions`
--

INSERT INTO `ci_sessions` (`id`, `ip_address`, `timestamp`, `data`) VALUES
('00ocj31a13c0e82tvmbjnq31t1s3rbce', '::1', 1781855625, 0x5f5f63695f6c6173745f726567656e65726174657c693a313738313835353632353b6d6573736167657c733a38333a223c64697620636c6173733d22616c65727420616c6572742d737563636573732220726f6c653d22616c657274223e0a202020202020202020202020416e6461207375646168206b656c7561722e3c2f6469763e223b5f5f63695f766172737c613a313a7b733a373a226d657373616765223b733a333a226f6c64223b7d7573657269647c733a353a2261646d696e223b726f6c655f69647c733a313a2231223b6e616d657c733a353a2241646d696e223b6e6f6d6f725f696e64756b7c733a353a223132333435223b),
('02docrhnq4cheh5e1q5ilpd0ltuggnn6', '::1', 1781851814, 0x5f5f63695f6c6173745f726567656e65726174657c693a313738313835313831343b6d6573736167657c733a38333a223c64697620636c6173733d22616c65727420616c6572742d737563636573732220726f6c653d22616c657274223e0a202020202020202020202020416e6461207375646168206b656c7561722e3c2f6469763e223b5f5f63695f766172737c613a313a7b733a373a226d657373616765223b733a333a226f6c64223b7d7573657269647c733a353a2261646d696e223b726f6c655f69647c733a313a2231223b6e616d657c733a353a2241646d696e223b6e6f6d6f725f696e64756b7c733a353a223132333435223b),
('0iq0r1v2pcsdmfqcgnrpajsoeiore4iu', '::1', 1782096983, 0x5f5f63695f6c6173745f726567656e65726174657c693a313738323039363938333b7573657269647c733a353a2261646d696e223b726f6c655f69647c733a313a2231223b6e616d657c733a353a2241646d696e223b6e6f6d6f725f696e64756b7c733a353a223132333435223b),
('1d4sju8vbkf8euec7q63betp1j6ntse3', '::1', 1782096430, 0x5f5f63695f6c6173745f726567656e65726174657c693a313738323039363433303b7573657269647c733a353a2261646d696e223b726f6c655f69647c733a313a2231223b6e616d657c733a353a2241646d696e223b6e6f6d6f725f696e64756b7c733a353a223132333435223b),
('1no4r9qto5ac15kqk6lls8ao1uslls11', '::1', 1781854597, 0x5f5f63695f6c6173745f726567656e65726174657c693a313738313835343539373b6d6573736167657c733a38363a223c64697620636c6173733d22616c65727420616c6572742d64616e6765722220726f6c653d22616c657274223e0a20202020202020202020202055736572696420746964616b207465726461667461723c2f6469763e223b5f5f63695f766172737c613a313a7b733a373a226d657373616765223b733a333a226f6c64223b7d7573657269647c733a353a225553522d32223b726f6c655f69647c733a313a2232223b6e616d657c733a31303a2253656b72657461726973223b6e6f6d6f725f696e64756b7c733a353a223637383930223b),
('2q11j7gq0o49f21m2qnb5jcsps0qbl7q', '::1', 1781923981, 0x5f5f63695f6c6173745f726567656e65726174657c693a313738313932333938313b7573657269647c733a353a2261646d696e223b726f6c655f69647c733a313a2231223b6e616d657c733a353a2241646d696e223b6e6f6d6f725f696e64756b7c733a353a223132333435223b),
('2u6fufhhbu0pbt6ocblkiat65j2b1uq7', '::1', 1781854898, 0x5f5f63695f6c6173745f726567656e65726174657c693a313738313835343839383b6d6573736167657c733a38333a223c64697620636c6173733d22616c65727420616c6572742d737563636573732220726f6c653d22616c657274223e0a202020202020202020202020416e6461207375646168206b656c7561722e3c2f6469763e223b5f5f63695f766172737c613a313a7b733a373a226d657373616765223b733a333a226f6c64223b7d7573657269647c733a353a2261646d696e223b726f6c655f69647c733a313a2231223b6e616d657c733a353a2241646d696e223b6e6f6d6f725f696e64756b7c733a353a223132333435223b),
('3ajsug8ovf8d7qjl8f7hu9k098pda66d', '::1', 1781923680, 0x5f5f63695f6c6173745f726567656e65726174657c693a313738313932333638303b7573657269647c733a353a2261646d696e223b726f6c655f69647c733a313a2231223b6e616d657c733a353a2241646d696e223b6e6f6d6f725f696e64756b7c733a353a223132333435223b),
('3bp66cbvch9460lm7ahl5k0sd6n9v38q', '::1', 1781942711, 0x5f5f63695f6c6173745f726567656e65726174657c693a313738313934323731313b6d6573736167657c733a37373a223c64697620636c6173733d22616c65727420616c6572742d64616e6765722220726f6c653d22616c657274223e0a202020202020202020202020506c65617365204c6f67696e213c2f6469763e223b5f5f63695f766172737c613a313a7b733a373a226d657373616765223b733a333a226f6c64223b7d7573657269647c733a353a225553522d35223b726f6c655f69647c733a313a2235223b6e616d657c733a31303a22556e6974204b65726a61223b6e6f6d6f725f696e64756b7c733a383a223334323334323334223b),
('3lh83r6qoaff21846ik6toc6p2u9njq7', '::1', 1782095461, 0x5f5f63695f6c6173745f726567656e65726174657c693a313738323039353436313b7573657269647c733a353a2261646d696e223b726f6c655f69647c733a313a2231223b6e616d657c733a353a2241646d696e223b6e6f6d6f725f696e64756b7c733a353a223132333435223b),
('5kif64iovu7v71m6ncife8njueip0rnr', '::1', 1781940542, 0x5f5f63695f6c6173745f726567656e65726174657c693a313738313934303534323b7573657269647c733a353a2261646d696e223b726f6c655f69647c733a313a2231223b6e616d657c733a353a2241646d696e223b6e6f6d6f725f696e64756b7c733a353a223132333435223b),
('5odetf3jkp7adjr3pgc2nalecnfoict4', '::1', 1781924632, 0x5f5f63695f6c6173745f726567656e65726174657c693a313738313932343633323b7573657269647c733a353a2261646d696e223b726f6c655f69647c733a313a2231223b6e616d657c733a353a2241646d696e223b6e6f6d6f725f696e64756b7c733a353a223132333435223b),
('5q3213vakumdi4ckrml2afqprb1m00p8', '::1', 1782104465, 0x5f5f63695f6c6173745f726567656e65726174657c693a313738323130343435393b7573657269647c733a353a2261646d696e223b726f6c655f69647c733a313a2231223b6e616d657c733a353a2241646d696e223b6e6f6d6f725f696e64756b7c733a353a223132333435223b),
('61broufstrsqhssasp5huat41tg07517', '::1', 1781925648, 0x5f5f63695f6c6173745f726567656e65726174657c693a313738313932353634383b7573657269647c733a353a2261646d696e223b726f6c655f69647c733a313a2231223b6e616d657c733a353a2241646d696e223b6e6f6d6f725f696e64756b7c733a353a223132333435223b),
('64sm5nop0goi2pivr88sqvkkhgd6o5nk', '::1', 1781922909, 0x5f5f63695f6c6173745f726567656e65726174657c693a313738313932323930393b7573657269647c733a353a2261646d696e223b726f6c655f69647c733a313a2231223b6e616d657c733a353a2241646d696e223b6e6f6d6f725f696e64756b7c733a353a223132333435223b),
('69b5rpcfrif08t99c212utsu58d080f3', '::1', 1781938291, 0x5f5f63695f6c6173745f726567656e65726174657c693a313738313933383239313b7573657269647c733a353a2261646d696e223b726f6c655f69647c733a313a2231223b6e616d657c733a353a2241646d696e223b6e6f6d6f725f696e64756b7c733a353a223132333435223b),
('69hhkdqdbshhicil66n64e7jd71gk00p', '::1', 1781940050, 0x5f5f63695f6c6173745f726567656e65726174657c693a313738313934303035303b7573657269647c733a353a2261646d696e223b726f6c655f69647c733a313a2231223b6e616d657c733a353a2241646d696e223b6e6f6d6f725f696e64756b7c733a353a223132333435223b),
('6drpsva2bto3sduqb8hacmeqa4q47q3u', '::1', 1781851093, 0x5f5f63695f6c6173745f726567656e65726174657c693a313738313835313039333b6d6573736167657c733a38333a223c64697620636c6173733d22616c65727420616c6572742d737563636573732220726f6c653d22616c657274223e0a202020202020202020202020416e6461207375646168206b656c7561722e3c2f6469763e223b5f5f63695f766172737c613a313a7b733a373a226d657373616765223b733a333a226f6c64223b7d7573657269647c733a353a2261646d696e223b726f6c655f69647c733a313a2231223b6e616d657c733a353a2241646d696e223b6e6f6d6f725f696e64756b7c733a353a223132333435223b),
('6r7pmfnpr5mes4mg90eik5rf4banuiu6', '::1', 1781853823, 0x5f5f63695f6c6173745f726567656e65726174657c693a313738313835333832333b6d6573736167657c733a38333a223c64697620636c6173733d22616c65727420616c6572742d737563636573732220726f6c653d22616c657274223e0a202020202020202020202020416e6461207375646168206b656c7561722e3c2f6469763e223b5f5f63695f766172737c613a313a7b733a373a226d657373616765223b733a333a226f6c64223b7d7573657269647c733a353a2261646d696e223b726f6c655f69647c733a313a2231223b6e616d657c733a353a2241646d696e223b6e6f6d6f725f696e64756b7c733a353a223132333435223b),
('7o5dspedt91f23jsu3jl3cbtgarmebfq', '::1', 1781941791, 0x5f5f63695f6c6173745f726567656e65726174657c693a313738313934313739313b7573657269647c733a353a2261646d696e223b726f6c655f69647c733a313a2231223b6e616d657c733a353a2241646d696e223b6e6f6d6f725f696e64756b7c733a353a223132333435223b),
('8e14v3th6vt6kmpftm6llsn46hqhh70i', '::1', 1781853516, 0x5f5f63695f6c6173745f726567656e65726174657c693a313738313835333531363b6d6573736167657c733a38363a223c64697620636c6173733d22616c65727420616c6572742d64616e6765722220726f6c653d22616c657274223e0a20202020202020202020202055736572696420746964616b207465726461667461723c2f6469763e223b5f5f63695f766172737c613a313a7b733a373a226d657373616765223b733a333a226f6c64223b7d7573657269647c733a353a225553522d32223b726f6c655f69647c733a313a2232223b6e616d657c733a31303a2253656b72657461726973223b6e6f6d6f725f696e64756b7c733a353a223637383930223b),
('9cno2u4apl8i0hjhn3pbkmodncqdbj3r', '::1', 1781939732, 0x5f5f63695f6c6173745f726567656e65726174657c693a313738313933393733323b7573657269647c733a353a2261646d696e223b726f6c655f69647c733a313a2231223b6e616d657c733a353a2241646d696e223b6e6f6d6f725f696e64756b7c733a353a223132333435223b),
('9ec7fucc9acbecnrj3hs19pau7nomqhf', '::1', 1781940869, 0x5f5f63695f6c6173745f726567656e65726174657c693a313738313934303836393b7573657269647c733a353a2261646d696e223b726f6c655f69647c733a313a2231223b6e616d657c733a353a2241646d696e223b6e6f6d6f725f696e64756b7c733a353a223132333435223b),
('9tmmngd4f0cavtq015u8195elj5jaars', '::1', 1781856095, 0x5f5f63695f6c6173745f726567656e65726174657c693a313738313835363039353b6d6573736167657c733a38333a223c64697620636c6173733d22616c65727420616c6572742d737563636573732220726f6c653d22616c657274223e0a202020202020202020202020416e6461207375646168206b656c7561722e3c2f6469763e223b5f5f63695f766172737c613a313a7b733a373a226d657373616765223b733a333a226f6c64223b7d7573657269647c733a353a2261646d696e223b726f6c655f69647c733a313a2231223b6e616d657c733a353a2241646d696e223b6e6f6d6f725f696e64756b7c733a353a223132333435223b),
('9uokr5jlslbkdvm05s0dcqd6csc7ir58', '::1', 1781854179, 0x5f5f63695f6c6173745f726567656e65726174657c693a313738313835343137393b6d6573736167657c733a38333a223c64697620636c6173733d22616c65727420616c6572742d737563636573732220726f6c653d22616c657274223e0a202020202020202020202020416e6461207375646168206b656c7561722e3c2f6469763e223b5f5f63695f766172737c613a313a7b733a373a226d657373616765223b733a333a226f6c64223b7d7573657269647c733a353a2261646d696e223b726f6c655f69647c733a313a2231223b6e616d657c733a353a2241646d696e223b6e6f6d6f725f696e64756b7c733a353a223132333435223b),
('a9bdu1qegnn7f971ao50ablm8cvqqurj', '::1', 1781927128, 0x5f5f63695f6c6173745f726567656e65726174657c693a313738313932363739393b6d6573736167657c733a37383a223c64697620636c6173733d22616c65727420616c6572742d64616e6765722220726f6c653d22616c657274223e0a20202020202020202020202053616c61682050617373776f72643c2f6469763e223b5f5f63695f766172737c613a313a7b733a373a226d657373616765223b733a333a226f6c64223b7d7573657269647c733a353a225553522d35223b726f6c655f69647c733a313a2235223b6e616d657c733a31303a22556e6974204b65726a61223b6e6f6d6f725f696e64756b7c733a383a223334323334323334223b),
('ae7t1mnldpje8l8jv10637326qi979b1', '::1', 1781852630, 0x5f5f63695f6c6173745f726567656e65726174657c693a313738313835323633303b6d6573736167657c733a38333a223c64697620636c6173733d22616c65727420616c6572742d737563636573732220726f6c653d22616c657274223e0a202020202020202020202020416e6461207375646168206b656c7561722e3c2f6469763e223b5f5f63695f766172737c613a313a7b733a373a226d657373616765223b733a333a226f6c64223b7d7573657269647c733a353a2261646d696e223b726f6c655f69647c733a313a2231223b6e616d657c733a353a2241646d696e223b6e6f6d6f725f696e64756b7c733a353a223132333435223b),
('ak5gvqti60sqdmf1hu80tol3pi4jnftg', '::1', 1781942711, 0x5f5f63695f6c6173745f726567656e65726174657c693a313738313934323731313b6d6573736167657c733a37373a223c64697620636c6173733d22616c65727420616c6572742d64616e6765722220726f6c653d22616c657274223e0a202020202020202020202020506c65617365204c6f67696e213c2f6469763e223b5f5f63695f766172737c613a313a7b733a373a226d657373616765223b733a333a226f6c64223b7d7573657269647c733a353a225553522d35223b726f6c655f69647c733a313a2235223b6e616d657c733a31303a22556e6974204b65726a61223b6e6f6d6f725f696e64756b7c733a383a223334323334323334223b),
('bfpjbgra48rcrlicr2vhtjrc2fbogqjl', '::1', 1782101008, 0x5f5f63695f6c6173745f726567656e65726174657c693a313738323130313030383b7573657269647c733a353a2261646d696e223b726f6c655f69647c733a313a2231223b6e616d657c733a353a2241646d696e223b6e6f6d6f725f696e64756b7c733a353a223132333435223b),
('bktusrv0dgvj31ge2gorbk4posuonf1k', '::1', 1782100631, 0x5f5f63695f6c6173745f726567656e65726174657c693a313738323130303633313b7573657269647c733a353a2261646d696e223b726f6c655f69647c733a313a2231223b6e616d657c733a353a2241646d696e223b6e6f6d6f725f696e64756b7c733a353a223132333435223b),
('c4u5f7vrtplnlkneogb2e0hiv8fjskok', '::1', 1781925223, 0x5f5f63695f6c6173745f726567656e65726174657c693a313738313932353232333b7573657269647c733a353a2261646d696e223b726f6c655f69647c733a313a2231223b6e616d657c733a353a2241646d696e223b6e6f6d6f725f696e64756b7c733a353a223132333435223b),
('cg3iqm5vo0eqflrdscgpfu1kid8aj4ib', '::1', 1782097721, 0x5f5f63695f6c6173745f726567656e65726174657c693a313738323039373732313b7573657269647c733a353a2261646d696e223b726f6c655f69647c733a313a2231223b6e616d657c733a353a2241646d696e223b6e6f6d6f725f696e64756b7c733a353a223132333435223b),
('crlv6dr5vd8mnudhqp6kg0vlfugcqc67', '::1', 1781850628, 0x5f5f63695f6c6173745f726567656e65726174657c693a313738313835303632383b6d6573736167657c733a38333a223c64697620636c6173733d22616c65727420616c6572742d737563636573732220726f6c653d22616c657274223e0a202020202020202020202020416e6461207375646168206b656c7561722e3c2f6469763e223b5f5f63695f766172737c613a313a7b733a373a226d657373616765223b733a333a226f6c64223b7d7573657269647c733a353a2261646d696e223b726f6c655f69647c733a313a2231223b6e616d657c733a353a2241646d696e223b6e6f6d6f725f696e64756b7c733a353a223132333435223b),
('ctkbiklhtr36nv1h7h3efer2opbs7lr0', '::1', 1781921457, 0x5f5f63695f6c6173745f726567656e65726174657c693a313738313932313435373b),
('dj06t9c2kq6c1v6k3616jvl2g0na3qga', '::1', 1781937501, 0x5f5f63695f6c6173745f726567656e65726174657c693a313738313933373530313b7573657269647c733a353a2261646d696e223b726f6c655f69647c733a313a2231223b6e616d657c733a353a2241646d696e223b6e6f6d6f725f696e64756b7c733a353a223132333435223b),
('egg2o6jprpushd6sme484tr8g1j67tc2', '::1', 1781852141, 0x5f5f63695f6c6173745f726567656e65726174657c693a313738313835323134313b6d6573736167657c733a38363a223c64697620636c6173733d22616c65727420616c6572742d64616e6765722220726f6c653d22616c657274223e0a20202020202020202020202055736572696420746964616b207465726461667461723c2f6469763e223b5f5f63695f766172737c613a313a7b733a373a226d657373616765223b733a333a226f6c64223b7d7573657269647c733a353a225553522d32223b726f6c655f69647c733a313a2232223b6e616d657c733a31303a2253656b72657461726973223b6e6f6d6f725f696e64756b7c733a353a223637383930223b),
('f4onqqpi6hgv67jahk43vj5lahtjtva0', '::1', 1781852118, 0x5f5f63695f6c6173745f726567656e65726174657c693a313738313835323131383b6d6573736167657c733a38333a223c64697620636c6173733d22616c65727420616c6572742d737563636573732220726f6c653d22616c657274223e0a202020202020202020202020416e6461207375646168206b656c7561722e3c2f6469763e223b5f5f63695f766172737c613a313a7b733a373a226d657373616765223b733a333a226f6c64223b7d7573657269647c733a353a2261646d696e223b726f6c655f69647c733a313a2231223b6e616d657c733a353a2241646d696e223b6e6f6d6f725f696e64756b7c733a353a223132333435223b),
('fa4ndq2lc1sbd9487cili3rhmpu5i4mt', '::1', 1781940470, 0x5f5f63695f6c6173745f726567656e65726174657c693a313738313934303437303b6d6573736167657c733a37373a223c64697620636c6173733d22616c65727420616c6572742d64616e6765722220726f6c653d22616c657274223e0a202020202020202020202020506c65617365204c6f67696e213c2f6469763e223b5f5f63695f766172737c613a313a7b733a373a226d657373616765223b733a333a226f6c64223b7d7573657269647c733a353a225553522d35223b726f6c655f69647c733a313a2235223b6e616d657c733a31303a22556e6974204b65726a61223b6e6f6d6f725f696e64756b7c733a383a223334323334323334223b),
('ffl8nniiskvg4p3kaq67p5i2q57df5jv', '::1', 1781938602, 0x5f5f63695f6c6173745f726567656e65726174657c693a313738313933383630323b7573657269647c733a353a2261646d696e223b726f6c655f69647c733a313a2231223b6e616d657c733a353a2241646d696e223b6e6f6d6f725f696e64756b7c733a353a223132333435223b),
('fmm6ic9108dhhcmc21611ucn8q5598lb', '::1', 1781942013, 0x5f5f63695f6c6173745f726567656e65726174657c693a313738313934323031333b6d6573736167657c733a37373a223c64697620636c6173733d22616c65727420616c6572742d64616e6765722220726f6c653d22616c657274223e0a202020202020202020202020506c65617365204c6f67696e213c2f6469763e223b5f5f63695f766172737c613a313a7b733a373a226d657373616765223b733a333a226f6c64223b7d),
('fset1pqbe3f19ol8dd62p02foromkfhd', '::1', 1781927139, 0x5f5f63695f6c6173745f726567656e65726174657c693a313738313932373133393b7573657269647c733a353a2261646d696e223b726f6c655f69647c733a313a2231223b6e616d657c733a353a2241646d696e223b6e6f6d6f725f696e64756b7c733a353a223132333435223b),
('gvg975u8o75rfn47hkao26m16g3n4i1q', '::1', 1781849265, 0x5f5f63695f6c6173745f726567656e65726174657c693a313738313834393236353b6d6573736167657c733a38333a223c64697620636c6173733d22616c65727420616c6572742d737563636573732220726f6c653d22616c657274223e0a202020202020202020202020416e6461207375646168206b656c7561722e3c2f6469763e223b5f5f63695f766172737c613a313a7b733a373a226d657373616765223b733a333a226f6c64223b7d7573657269647c733a353a2261646d696e223b726f6c655f69647c733a313a2231223b6e616d657c733a353a2241646d696e223b6e6f6d6f725f696e64756b7c733a353a223132333435223b),
('h15pnao81kepubslkr6qh9ngsptd21a2', '::1', 1781922330, 0x5f5f63695f6c6173745f726567656e65726174657c693a313738313932323333303b7573657269647c733a353a2261646d696e223b726f6c655f69647c733a313a2231223b6e616d657c733a353a2241646d696e223b6e6f6d6f725f696e64756b7c733a353a223132333435223b),
('havucc463rjre2ou1navq058m9ij64go', '::1', 1781853839, 0x5f5f63695f6c6173745f726567656e65726174657c693a313738313835333833393b6d6573736167657c733a38363a223c64697620636c6173733d22616c65727420616c6572742d64616e6765722220726f6c653d22616c657274223e0a20202020202020202020202055736572696420746964616b207465726461667461723c2f6469763e223b5f5f63695f766172737c613a313a7b733a373a226d657373616765223b733a333a226f6c64223b7d7573657269647c733a353a225553522d32223b726f6c655f69647c733a313a2232223b6e616d657c733a31303a2253656b72657461726973223b6e6f6d6f725f696e64756b7c733a353a223637383930223b),
('iudq15bt79iep2th0da405ib6otld249', '::1', 1781942408, 0x5f5f63695f6c6173745f726567656e65726174657c693a313738313934323430383b6d6573736167657c733a37373a223c64697620636c6173733d22616c65727420616c6572742d64616e6765722220726f6c653d22616c657274223e0a202020202020202020202020506c65617365204c6f67696e213c2f6469763e223b5f5f63695f766172737c613a313a7b733a373a226d657373616765223b733a333a226f6c64223b7d7573657269647c733a353a225553522d35223b726f6c655f69647c733a313a2235223b6e616d657c733a31303a22556e6974204b65726a61223b6e6f6d6f725f696e64756b7c733a383a223334323334323334223b),
('jbrfhikqfnnourlhcq3qmsmlt4hlll03', '::1', 1781854241, 0x5f5f63695f6c6173745f726567656e65726174657c693a313738313835343234313b6d6573736167657c733a37373a223c64697620636c6173733d22616c65727420616c6572742d64616e6765722220726f6c653d22616c657274223e0a202020202020202020202020506c65617365204c6f67696e213c2f6469763e223b5f5f63695f766172737c613a313a7b733a373a226d657373616765223b733a333a226f6c64223b7d7573657269647c733a353a225553522d33223b726f6c655f69647c733a313a2233223b6e616d657c733a31323a224b61737562616720556d756d223b6e6f6d6f725f696e64756b7c733a353a223039383736223b),
('lca6572tlvp1cdls3bt4g6jh0fqu3217', '::1', 1781854259, 0x5f5f63695f6c6173745f726567656e65726174657c693a313738313835343234313b6d6573736167657c733a37373a223c64697620636c6173733d22616c65727420616c6572742d64616e6765722220726f6c653d22616c657274223e0a202020202020202020202020506c65617365204c6f67696e213c2f6469763e223b5f5f63695f766172737c613a313a7b733a373a226d657373616765223b733a333a226f6c64223b7d7573657269647c733a353a225553522d33223b726f6c655f69647c733a313a2233223b6e616d657c733a31323a224b61737562616720556d756d223b6e6f6d6f725f696e64756b7c733a353a223039383736223b),
('mf0q6k1ld7h05f3f2e01d907nd5sdve8', '::1', 1781854597, 0x5f5f63695f6c6173745f726567656e65726174657c693a313738313835343539373b6d6573736167657c733a38363a223c64697620636c6173733d22616c65727420616c6572742d64616e6765722220726f6c653d22616c657274223e0a20202020202020202020202055736572696420746964616b207465726461667461723c2f6469763e223b5f5f63695f766172737c613a313a7b733a373a226d657373616765223b733a333a226f6c64223b7d7573657269647c733a353a225553522d32223b726f6c655f69647c733a313a2232223b6e616d657c733a31303a2253656b72657461726973223b6e6f6d6f725f696e64756b7c733a353a223637383930223b),
('mqi4lkh1pjges5elnuo2rmm4htao1v89', '::1', 1781853039, 0x5f5f63695f6c6173745f726567656e65726174657c693a313738313835333033393b6d6573736167657c733a38363a223c64697620636c6173733d22616c65727420616c6572742d64616e6765722220726f6c653d22616c657274223e0a20202020202020202020202055736572696420746964616b207465726461667461723c2f6469763e223b5f5f63695f766172737c613a313a7b733a373a226d657373616765223b733a333a226f6c64223b7d7573657269647c733a353a225553522d32223b726f6c655f69647c733a313a2232223b6e616d657c733a31303a2253656b72657461726973223b6e6f6d6f725f696e64756b7c733a353a223637383930223b),
('mvt646f86m034e2j59i8kkfdeeopvftr', '::1', 1781935537, 0x5f5f63695f6c6173745f726567656e65726174657c693a313738313933353533373b7573657269647c733a353a2261646d696e223b726f6c655f69647c733a313a2231223b6e616d657c733a353a2241646d696e223b6e6f6d6f725f696e64756b7c733a353a223132333435223b),
('nrea267b9r2jl13c9pbd5kaocjc0t42d', '::1', 1781940110, 0x5f5f63695f6c6173745f726567656e65726174657c693a313738313934303131303b6d6573736167657c733a37373a223c64697620636c6173733d22616c65727420616c6572742d64616e6765722220726f6c653d22616c657274223e0a202020202020202020202020506c65617365204c6f67696e213c2f6469763e223b5f5f63695f766172737c613a313a7b733a373a226d657373616765223b733a333a226f6c64223b7d7573657269647c733a353a225553522d35223b726f6c655f69647c733a313a2235223b6e616d657c733a31303a22556e6974204b65726a61223b6e6f6d6f725f696e64756b7c733a383a223334323334323334223b),
('puejq9o9k8vpgqns4hirko3dbkg5cbck', '::1', 1781941598, 0x5f5f63695f6c6173745f726567656e65726174657c693a313738313934313539383b6d6573736167657c733a37373a223c64697620636c6173733d22616c65727420616c6572742d64616e6765722220726f6c653d22616c657274223e0a202020202020202020202020506c65617365204c6f67696e213c2f6469763e223b5f5f63695f766172737c613a313a7b733a373a226d657373616765223b733a333a226f6c64223b7d7573657269647c733a353a225553522d35223b726f6c655f69647c733a313a2235223b6e616d657c733a31303a22556e6974204b65726a61223b6e6f6d6f725f696e64756b7c733a383a223334323334323334223b),
('q4o81ih7l45rs55ik1f1fg02kv1hi8se', '::1', 1781853266, 0x5f5f63695f6c6173745f726567656e65726174657c693a313738313835333236363b6d6573736167657c733a38333a223c64697620636c6173733d22616c65727420616c6572742d737563636573732220726f6c653d22616c657274223e0a202020202020202020202020416e6461207375646168206b656c7561722e3c2f6469763e223b5f5f63695f766172737c613a313a7b733a373a226d657373616765223b733a333a226f6c64223b7d7573657269647c733a353a2261646d696e223b726f6c655f69647c733a313a2231223b6e616d657c733a353a2241646d696e223b6e6f6d6f725f696e64756b7c733a353a223132333435223b),
('qe2sq62ip0slc1n7j9rfc7n99tb8dr92', '::1', 1781851530, 0x5f5f63695f6c6173745f726567656e65726174657c693a313738313835313533303b6d6573736167657c733a38363a223c64697620636c6173733d22616c65727420616c6572742d64616e6765722220726f6c653d22616c657274223e0a20202020202020202020202055736572696420746964616b207465726461667461723c2f6469763e223b5f5f63695f766172737c613a313a7b733a373a226d657373616765223b733a333a226f6c64223b7d7573657269647c733a353a225553522d32223b726f6c655f69647c733a313a2232223b6e616d657c733a31303a2253656b72657461726973223b6e6f6d6f725f696e64756b7c733a353a223637383930223b),
('qq4la5pe01ejda7va7amlejmbcv9smmb', '::1', 1782104459, 0x5f5f63695f6c6173745f726567656e65726174657c693a313738323130343435393b7573657269647c733a353a2261646d696e223b726f6c655f69647c733a313a2231223b6e616d657c733a353a2241646d696e223b6e6f6d6f725f696e64756b7c733a353a223132333435223b),
('r4hsgbujb68gr4350kukgnl6f7beuapg', '::1', 1781851510, 0x5f5f63695f6c6173745f726567656e65726174657c693a313738313835313531303b6d6573736167657c733a38333a223c64697620636c6173733d22616c65727420616c6572742d737563636573732220726f6c653d22616c657274223e0a202020202020202020202020416e6461207375646168206b656c7561722e3c2f6469763e223b5f5f63695f766172737c613a313a7b733a373a226d657373616765223b733a333a226f6c64223b7d7573657269647c733a353a2261646d696e223b726f6c655f69647c733a313a2231223b6e616d657c733a353a2241646d696e223b6e6f6d6f725f696e64756b7c733a353a223132333435223b),
('rck3dthjp19veb0bfktdaojeeu8hsjnh', '::1', 1781852940, 0x5f5f63695f6c6173745f726567656e65726174657c693a313738313835323934303b6d6573736167657c733a38333a223c64697620636c6173733d22616c65727420616c6572742d737563636573732220726f6c653d22616c657274223e0a202020202020202020202020416e6461207375646168206b656c7561722e3c2f6469763e223b5f5f63695f766172737c613a313a7b733a373a226d657373616765223b733a333a226f6c64223b7d7573657269647c733a353a2261646d696e223b726f6c655f69647c733a313a2231223b6e616d657c733a353a2241646d696e223b6e6f6d6f725f696e64756b7c733a353a223132333435223b),
('ri3ovujp21j1hmsdi62lemsmpnkaue72', '::1', 1781926788, 0x5f5f63695f6c6173745f726567656e65726174657c693a313738313932363738383b7573657269647c733a353a2261646d696e223b726f6c655f69647c733a313a2231223b6e616d657c733a353a2241646d696e223b6e6f6d6f725f696e64756b7c733a353a223132333435223b),
('s08u8b09ms13899sh91guars22bf2jqo', '::1', 1781856125, 0x5f5f63695f6c6173745f726567656e65726174657c693a313738313835363039353b6d6573736167657c733a38333a223c64697620636c6173733d22616c65727420616c6572742d737563636573732220726f6c653d22616c657274223e0a202020202020202020202020416e6461207375646168206b656c7561722e3c2f6469763e223b5f5f63695f766172737c613a313a7b733a373a226d657373616765223b733a333a226f6c64223b7d7573657269647c733a353a2261646d696e223b726f6c655f69647c733a313a2231223b6e616d657c733a353a2241646d696e223b6e6f6d6f725f696e64756b7c733a353a223132333435223b),
('s6kpci6ped4o5bqaaon4e3dqgjb1psek', '::1', 1781852650, 0x5f5f63695f6c6173745f726567656e65726174657c693a313738313835323635303b6d6573736167657c733a38363a223c64697620636c6173733d22616c65727420616c6572742d64616e6765722220726f6c653d22616c657274223e0a20202020202020202020202055736572696420746964616b207465726461667461723c2f6469763e223b5f5f63695f766172737c613a313a7b733a373a226d657373616765223b733a333a226f6c64223b7d7573657269647c733a353a225553522d32223b726f6c655f69647c733a313a2232223b6e616d657c733a31303a2253656b72657461726973223b6e6f6d6f725f696e64756b7c733a353a223637383930223b),
('sk67jd0ahuscckaqdkjsdjuegs327opu', '::1', 1781942592, 0x5f5f63695f6c6173745f726567656e65726174657c693a313738313934323432363b7573657269647c733a353a2261646d696e223b726f6c655f69647c733a313a2231223b6e616d657c733a353a2241646d696e223b6e6f6d6f725f696e64756b7c733a353a223132333435223b),
('t206i9gup3aii0b1s106q7n51ns56s4b', '::1', 1781942426, 0x5f5f63695f6c6173745f726567656e65726174657c693a313738313934323432363b7573657269647c733a353a2261646d696e223b726f6c655f69647c733a313a2231223b6e616d657c733a353a2241646d696e223b6e6f6d6f725f696e64756b7c733a353a223132333435223b),
('usa8tu5odacj0m0f8muppu6s86kci6jk', '::1', 1781941389, 0x5f5f63695f6c6173745f726567656e65726174657c693a313738313934313338393b7573657269647c733a353a2261646d696e223b726f6c655f69647c733a313a2231223b6e616d657c733a353a2241646d696e223b6e6f6d6f725f696e64756b7c733a353a223132333435223b),
('uunjdut2ffaaql5gjoja879ls5ojc8fp', '::1', 1781940930, 0x5f5f63695f6c6173745f726567656e65726174657c693a313738313934303933303b6d6573736167657c733a37373a223c64697620636c6173733d22616c65727420616c6572742d64616e6765722220726f6c653d22616c657274223e0a202020202020202020202020506c65617365204c6f67696e213c2f6469763e223b5f5f63695f766172737c613a313a7b733a373a226d657373616765223b733a333a226f6c64223b7d7573657269647c733a353a225553522d35223b726f6c655f69647c733a313a2235223b6e616d657c733a31303a22556e6974204b65726a61223b6e6f6d6f725f696e64756b7c733a383a223334323334323334223b),
('vc4ei4qkvvi1pj9qpebfo796qofbv6ah', '::1', 1781931719, 0x5f5f63695f6c6173745f726567656e65726174657c693a313738313933313731393b7573657269647c733a353a2261646d696e223b726f6c655f69647c733a313a2231223b6e616d657c733a353a2241646d696e223b6e6f6d6f725f696e64756b7c733a353a223132333435223b),
('vg23iv4mohnbas9c1putk3k9ke39t2ti', '::1', 1781932080, 0x5f5f63695f6c6173745f726567656e65726174657c693a313738313933323038303b7573657269647c733a353a2261646d696e223b726f6c655f69647c733a313a2231223b6e616d657c733a353a2241646d696e223b6e6f6d6f725f696e64756b7c733a353a223132333435223b),
('vifces0hrsjbb7jrgg1kn5css35p0ni0', '::1', 1781942125, 0x5f5f63695f6c6173745f726567656e65726174657c693a313738313934323132353b7573657269647c733a353a2261646d696e223b726f6c655f69647c733a313a2231223b6e616d657c733a353a2241646d696e223b6e6f6d6f725f696e64756b7c733a353a223132333435223b);

-- --------------------------------------------------------

--
-- Table structure for table `doc_approval_actions`
--

CREATE TABLE `doc_approval_actions` (
  `id` int(11) NOT NULL,
  `request_id` int(11) NOT NULL,
  `step_id` int(11) NOT NULL,
  `approver_userid` varchar(128) NOT NULL,
  `approver_name` varchar(128) NOT NULL,
  `action` enum('approved','rejected','revision_required') NOT NULL,
  `note` text DEFAULT NULL,
  `created_at` datetime NOT NULL DEFAULT current_timestamp()
) ENGINE=InnoDB DEFAULT CHARSET=utf8mb4 COLLATE=utf8mb4_general_ci;

--
-- Dumping data for table `doc_approval_actions`
--

INSERT INTO `doc_approval_actions` (`id`, `request_id`, `step_id`, `approver_userid`, `approver_name`, `action`, `note`, `created_at`) VALUES
(1, 1, 1, 'USR-5', 'Unit Kerja', 'approved', 'lanjutkan', '2026-06-20 05:45:28'),
(2, 2, 1, 'USR-5', 'Unit Kerja', 'approved', 'lanjutkan', '2026-06-20 14:46:52');

-- --------------------------------------------------------

--
-- Table structure for table `doc_approval_documents`
--

CREATE TABLE `doc_approval_documents` (
  `id` int(11) NOT NULL,
  `title` varchar(200) NOT NULL,
  `document_number` varchar(150) NOT NULL,
  `document_date` date NOT NULL,
  `category` varchar(120) DEFAULT NULL,
  `summary` text DEFAULT NULL,
  `original_file` varchar(255) NOT NULL,
  `final_file` varchar(255) DEFAULT NULL,
  `status` enum('draft','submitted','in_review','approved','rejected','revision_required','cancelled') NOT NULL DEFAULT 'submitted',
  `flow_id` int(11) NOT NULL,
  `submitted_by` varchar(128) DEFAULT NULL,
  `submitted_by_name` varchar(128) DEFAULT NULL,
  `submitted_at` datetime NOT NULL DEFAULT current_timestamp(),
  `completed_at` datetime DEFAULT NULL,
  `created_at` datetime NOT NULL DEFAULT current_timestamp(),
  `updated_at` datetime DEFAULT NULL
) ENGINE=InnoDB DEFAULT CHARSET=utf8mb4 COLLATE=utf8mb4_general_ci;

--
-- Dumping data for table `doc_approval_documents`
--

INSERT INTO `doc_approval_documents` (`id`, `title`, `document_number`, `document_date`, `category`, `summary`, `original_file`, `final_file`, `status`, `flow_id`, `submitted_by`, `submitted_by_name`, `submitted_at`, `completed_at`, `created_at`, `updated_at`) VALUES
(1, 'Tesing Dok', 'Tesing Dok', '2026-06-20', 'Berita', 'Tesing Dok', '78d781d105e46beb30d3eb9ddf93707c.pdf', 'approved_1_9fd940d6a74bbaf48074608ac3529d5b702eb31eae0c3124.pdf', 'approved', 1, 'admin', 'Admin', '2026-06-20 05:41:44', '2026-06-20 05:45:28', '2026-06-20 05:41:44', '2026-06-20 14:50:16'),
(2, 'testing 2', '1223324213', '2026-06-20', 'Berita', 'testing 2 testing 2', '87895add6aa5aae0860d83a9a146c98d.pdf', 'approved_2_58382b761b749629908c2e3e1e6f23c627e104597e8a51b2.pdf', 'approved', 1, 'admin', 'Admin', '2026-06-20 09:21:29', '2026-06-20 14:46:52', '2026-06-20 09:21:29', '2026-06-20 14:50:17');

-- --------------------------------------------------------

--
-- Table structure for table `doc_approval_flows`
--

CREATE TABLE `doc_approval_flows` (
  `id` int(11) NOT NULL,
  `name` varchar(150) NOT NULL,
  `document_type` enum('dokumen','semua') NOT NULL DEFAULT 'dokumen',
  `description` text DEFAULT NULL,
  `is_active` tinyint(1) NOT NULL DEFAULT 1,
  `created_by` varchar(128) DEFAULT NULL,
  `created_at` datetime NOT NULL DEFAULT current_timestamp(),
  `updated_at` datetime DEFAULT NULL
) ENGINE=InnoDB DEFAULT CHARSET=utf8mb4 COLLATE=utf8mb4_general_ci;

--
-- Dumping data for table `doc_approval_flows`
--

INSERT INTO `doc_approval_flows` (`id`, `name`, `document_type`, `description`, `is_active`, `created_by`, `created_at`, `updated_at`) VALUES
(1, 'Approval Naskah Unit Kerja', 'semua', 'Approval Naskah Internal', 1, 'admin', '2026-06-20 05:21:42', '2026-06-20 05:21:42');

-- --------------------------------------------------------

--
-- Table structure for table `doc_approval_qrcodes`
--

CREATE TABLE `doc_approval_qrcodes` (
  `id` int(11) NOT NULL,
  `request_id` int(11) NOT NULL,
  `document_type` enum('dokumen') NOT NULL,
  `document_id` int(11) NOT NULL,
  `verification_token` varchar(128) NOT NULL,
  `qr_path` varchar(255) DEFAULT NULL,
  `final_file` varchar(255) DEFAULT NULL,
  `is_active` tinyint(1) NOT NULL DEFAULT 1,
  `generated_by` varchar(128) DEFAULT NULL,
  `generated_at` datetime NOT NULL DEFAULT current_timestamp(),
  `revoked_by` varchar(128) DEFAULT NULL,
  `revoked_at` datetime DEFAULT NULL
) ENGINE=InnoDB DEFAULT CHARSET=utf8mb4 COLLATE=utf8mb4_general_ci;

--
-- Dumping data for table `doc_approval_qrcodes`
--

INSERT INTO `doc_approval_qrcodes` (`id`, `request_id`, `document_type`, `document_id`, `verification_token`, `qr_path`, `final_file`, `is_active`, `generated_by`, `generated_at`, `revoked_by`, `revoked_at`) VALUES
(1, 1, 'dokumen', 1, '9fd940d6a74bbaf48074608ac3529d5b702eb31eae0c3124', '9fd940d6a74bbaf48074608ac3529d5b702eb31eae0c3124.png', 'approved_1_9fd940d6a74bbaf48074608ac3529d5b702eb31eae0c3124.pdf', 1, 'admin', '2026-06-20 08:05:37', NULL, NULL),
(2, 2, 'dokumen', 2, '58382b761b749629908c2e3e1e6f23c627e104597e8a51b2', '58382b761b749629908c2e3e1e6f23c627e104597e8a51b2.png', 'approved_2_58382b761b749629908c2e3e1e6f23c627e104597e8a51b2.pdf', 1, 'USR-5', '2026-06-20 14:46:52', NULL, NULL);

-- --------------------------------------------------------

--
-- Table structure for table `doc_approval_requests`
--

CREATE TABLE `doc_approval_requests` (
  `id` int(11) NOT NULL,
  `document_type` enum('dokumen') NOT NULL,
  `document_id` int(11) NOT NULL,
  `flow_id` int(11) NOT NULL,
  `current_step_order` int(11) NOT NULL DEFAULT 1,
  `status` enum('draft','submitted','in_review','approved','rejected','revision_required','cancelled') NOT NULL DEFAULT 'submitted',
  `submitted_by` varchar(128) DEFAULT NULL,
  `submitted_by_name` varchar(128) DEFAULT NULL,
  `submitted_at` datetime NOT NULL DEFAULT current_timestamp(),
  `completed_at` datetime DEFAULT NULL
) ENGINE=InnoDB DEFAULT CHARSET=utf8mb4 COLLATE=utf8mb4_general_ci;

--
-- Dumping data for table `doc_approval_requests`
--

INSERT INTO `doc_approval_requests` (`id`, `document_type`, `document_id`, `flow_id`, `current_step_order`, `status`, `submitted_by`, `submitted_by_name`, `submitted_at`, `completed_at`) VALUES
(1, 'dokumen', 1, 1, 1, 'approved', 'admin', 'Admin', '2026-06-20 05:41:44', '2026-06-20 05:45:28'),
(2, 'dokumen', 2, 1, 1, 'approved', 'admin', 'Admin', '2026-06-20 09:21:29', '2026-06-20 14:46:52');

-- --------------------------------------------------------

--
-- Table structure for table `doc_approval_steps`
--

CREATE TABLE `doc_approval_steps` (
  `id` int(11) NOT NULL,
  `flow_id` int(11) NOT NULL,
  `step_order` int(11) NOT NULL,
  `step_name` varchar(150) NOT NULL,
  `approval_mode` enum('ANY','ALL') NOT NULL DEFAULT 'ANY',
  `created_at` datetime NOT NULL DEFAULT current_timestamp()
) ENGINE=InnoDB DEFAULT CHARSET=utf8mb4 COLLATE=utf8mb4_general_ci;

--
-- Dumping data for table `doc_approval_steps`
--

INSERT INTO `doc_approval_steps` (`id`, `flow_id`, `step_order`, `step_name`, `approval_mode`, `created_at`) VALUES
(1, 1, 1, 'Step 1', 'ANY', '2026-06-20 05:21:42');

-- --------------------------------------------------------

--
-- Table structure for table `doc_approval_step_approvers`
--

CREATE TABLE `doc_approval_step_approvers` (
  `id` int(11) NOT NULL,
  `step_id` int(11) NOT NULL,
  `approver_userid` varchar(128) NOT NULL,
  `approver_name` varchar(128) NOT NULL
) ENGINE=InnoDB DEFAULT CHARSET=utf8mb4 COLLATE=utf8mb4_general_ci;

--
-- Dumping data for table `doc_approval_step_approvers`
--

INSERT INTO `doc_approval_step_approvers` (`id`, `step_id`, `approver_userid`, `approver_name`) VALUES
(1, 1, 'USR-5', 'Unit Kerja');

-- --------------------------------------------------------

--
-- Table structure for table `mst_apps`
--

CREATE TABLE `mst_apps` (
  `id` int(11) NOT NULL,
  `judul_login` varchar(128) NOT NULL,
  `subjudul` varchar(128) NOT NULL,
  `nama_aplikasi` varchar(128) NOT NULL,
  `logo` varchar(128) NOT NULL
) ENGINE=InnoDB DEFAULT CHARSET=latin1 COLLATE=latin1_swedish_ci;

--
-- Dumping data for table `mst_apps`
--

INSERT INTO `mst_apps` (`id`, `judul_login`, `subjudul`, `nama_aplikasi`, `logo`) VALUES
(1, 'E-Filling STIEWW', 'Sistem Administrasi Arsip Digital STIE Widya Wiwaha', 'E-Filling STIEWW', 'logo_ww.png');

-- --------------------------------------------------------

--
-- Table structure for table `mst_indeks`
--

CREATE TABLE `mst_indeks` (
  `id` int(11) NOT NULL,
  `nama` varchar(255) NOT NULL,
  `kode` varchar(20) NOT NULL,
  `deskripsi` text NOT NULL,
  `date_created` timestamp NOT NULL DEFAULT current_timestamp() ON UPDATE current_timestamp()
) ENGINE=InnoDB DEFAULT CHARSET=latin1 COLLATE=latin1_swedish_ci;

--
-- Dumping data for table `mst_indeks`
--

INSERT INTO `mst_indeks` (`id`, `nama`, `kode`, `deskripsi`, `date_created`) VALUES
(9, 'Surat Keterangan', 'SKET', 'Coba buat indeks surat', '2021-11-13 22:43:35'),
(10, 'Surat Keputusan', 'SK', 'Coba buat indeks surat', '2021-11-13 22:43:56');

-- --------------------------------------------------------

--
-- Table structure for table `mst_template_approval`
--

CREATE TABLE `mst_template_approval` (
  `id` int(11) NOT NULL,
  `nama_template` varchar(128) NOT NULL,
  `deskripsi` text DEFAULT NULL,
  `is_active` tinyint(1) NOT NULL DEFAULT 1,
  `date_created` datetime NOT NULL DEFAULT current_timestamp()
) ENGINE=InnoDB DEFAULT CHARSET=utf8mb4 COLLATE=utf8mb4_general_ci;

--
-- Dumping data for table `mst_template_approval`
--

INSERT INTO `mst_template_approval` (`id`, `nama_template`, `deskripsi`, `is_active`, `date_created`) VALUES
(1, 'Surat Keputusan', 'Surat Keputusan', 1, '2026-06-18 13:36:59');

-- --------------------------------------------------------

--
-- Table structure for table `mst_template_approval_detail`
--

CREATE TABLE `mst_template_approval_detail` (
  `id` int(11) NOT NULL,
  `template_id` int(11) NOT NULL,
  `urutan` int(11) NOT NULL,
  `approver_userid` varchar(128) NOT NULL,
  `approver_name` varchar(128) NOT NULL,
  `role_label` varchar(128) DEFAULT NULL
) ENGINE=InnoDB DEFAULT CHARSET=utf8mb4 COLLATE=utf8mb4_general_ci;

--
-- Dumping data for table `mst_template_approval_detail`
--

INSERT INTO `mst_template_approval_detail` (`id`, `template_id`, `urutan`, `approver_userid`, `approver_name`, `role_label`) VALUES
(1, 1, 1, 'USR-2', 'Sekretaris', 'Level 2');

-- --------------------------------------------------------

--
-- Table structure for table `mst_unit_kerja`
--

CREATE TABLE `mst_unit_kerja` (
  `id` int(11) NOT NULL,
  `nama` varchar(128) NOT NULL,
  `kode` varchar(30) NOT NULL,
  `deskripsi` text NOT NULL,
  `date_created` timestamp NOT NULL DEFAULT current_timestamp() ON UPDATE current_timestamp()
) ENGINE=InnoDB DEFAULT CHARSET=latin1 COLLATE=latin1_swedish_ci;

--
-- Dumping data for table `mst_unit_kerja`
--

INSERT INTO `mst_unit_kerja` (`id`, `nama`, `kode`, `deskripsi`, `date_created`) VALUES
(1, 'Rektorat', 'RKT', 'Rrektoran UWHS', '2024-01-01 19:38:42'),
(2, 'Fakultas', 'MKT', 'Departement Fakultas', '2024-01-01 19:38:56'),
(3, 'Administrasi', 'ADM', 'Departement Administrasi', '2021-11-14 09:24:38'),
(4, 'PMB', 'PMB', 'Departemen Penerimaan Mahasiswa Baru', '2024-01-01 19:39:33');

-- --------------------------------------------------------

--
-- Table structure for table `tbl_approval_naskah_keluar`
--

CREATE TABLE `tbl_approval_naskah_keluar` (
  `id` int(11) NOT NULL,
  `id_surat_keluar` int(11) NOT NULL,
  `template_id` int(11) DEFAULT NULL,
  `urutan` int(11) NOT NULL,
  `approver_userid` varchar(128) NOT NULL,
  `approver_name` varchar(128) NOT NULL,
  `status` enum('Menunggu','Disetujui','Ditolak') NOT NULL DEFAULT 'Menunggu',
  `catatan` text DEFAULT NULL,
  `approved_at` datetime DEFAULT NULL,
  `date_created` datetime NOT NULL DEFAULT current_timestamp()
) ENGINE=InnoDB DEFAULT CHARSET=utf8mb4 COLLATE=utf8mb4_general_ci;

--
-- Dumping data for table `tbl_approval_naskah_keluar`
--

INSERT INTO `tbl_approval_naskah_keluar` (`id`, `id_surat_keluar`, `template_id`, `urutan`, `approver_userid`, `approver_name`, `status`, `catatan`, `approved_at`, `date_created`) VALUES
(1, 2, 1, 1, 'USR-2', 'Sekretaris', 'Disetujui', 'oke', '2026-06-19 08:45:43', '2026-06-19 13:40:27');

-- --------------------------------------------------------

--
-- Table structure for table `tbl_disposisi`
--

CREATE TABLE `tbl_disposisi` (
  `id` int(11) NOT NULL,
  `id_surat` int(11) NOT NULL,
  `no_surat` varchar(128) NOT NULL,
  `pengirim` varchar(128) NOT NULL,
  `penerima` varchar(128) NOT NULL,
  `date_created` timestamp NOT NULL DEFAULT current_timestamp(),
  `nomor_agenda` varchar(50) NOT NULL,
  `is_read` enum('YES','NO') NOT NULL DEFAULT 'NO'
) ENGINE=InnoDB DEFAULT CHARSET=latin1 COLLATE=latin1_swedish_ci;

--
-- Dumping data for table `tbl_disposisi`
--

INSERT INTO `tbl_disposisi` (`id`, `id_surat`, `no_surat`, `pengirim`, `penerima`, `date_created`, `nomor_agenda`, `is_read`) VALUES
(39, 6, '001/SKET/UPAA/V/2021a', 'Admin', 'Sekretaris', '2026-06-18 07:36:02', '11111333', 'YES'),
(40, 6, '001/SKET/UPAA/V/2021a', 'Sekretaris', 'Admin', '2026-06-19 06:56:00', '11111333', 'YES');

-- --------------------------------------------------------

--
-- Table structure for table `tbl_histori_naskah`
--

CREATE TABLE `tbl_histori_naskah` (
  `id` int(11) NOT NULL,
  `jenis_naskah` enum('masuk','keluar') NOT NULL,
  `id_naskah` int(11) NOT NULL,
  `no_surat` varchar(255) NOT NULL,
  `aksi` varchar(80) NOT NULL,
  `catatan` text DEFAULT NULL,
  `pengirim` varchar(128) DEFAULT NULL,
  `penerima` varchar(128) DEFAULT NULL,
  `userid` varchar(128) DEFAULT NULL,
  `nama_user` varchar(128) DEFAULT NULL,
  `role_id` int(11) DEFAULT NULL,
  `date_created` datetime NOT NULL DEFAULT current_timestamp()
) ENGINE=InnoDB DEFAULT CHARSET=utf8mb4 COLLATE=utf8mb4_general_ci;

--
-- Dumping data for table `tbl_histori_naskah`
--

INSERT INTO `tbl_histori_naskah` (`id`, `jenis_naskah`, `id_naskah`, `no_surat`, `aksi`, `catatan`, `pengirim`, `penerima`, `userid`, `nama_user`, `role_id`, `date_created`) VALUES
(15, 'masuk', 6, '001/SKET/UPAA/V/2021a', 'Input Naskah Masuk', 'Naskah masuk dicatat oleh Admin', 'PT. JAI', 'Administrasi', 'admin', 'Admin', 1, '2026-06-18 14:35:11'),
(16, 'masuk', 6, '001/SKET/UPAA/V/2021a', 'Disposisi', 'HALO BU SILAHKAN DI BACA', 'Admin', 'Sekretaris', 'admin', 'Admin', 1, '2026-06-18 14:36:02'),
(17, 'masuk', 6, '001/SKET/UPAA/V/2021a', 'Pesan Dibaca', 'Pesan dibuka oleh Sekretaris', 'Admin', 'Sekretaris', 'USR-2', 'Sekretaris', 2, '2026-06-18 14:36:46'),
(18, 'keluar', 2, 'SURAT-01', 'Input Naskah Keluar', 'Naskah keluar dicatat oleh Admin', 'Administrasi', 'DINAS PENDIDIKAN', 'admin', 'Admin', 1, '2026-06-19 13:40:27'),
(19, 'keluar', 2, 'SURAT-01', 'Approval Disetujui', 'oke', 'Sekretaris', 'Administrasi', 'USR-2', 'Sekretaris', 2, '2026-06-19 13:45:43'),
(20, 'masuk', 6, '001/SKET/UPAA/V/2021a', 'Teruskan Pesan', 'oke', 'Sekretaris', 'Admin', 'USR-2', 'Sekretaris', 2, '2026-06-19 13:56:00'),
(21, 'masuk', 6, '001/SKET/UPAA/V/2021a', 'Pesan Dibaca', 'Pesan dibuka oleh Admin', 'Sekretaris', 'Admin', 'admin', 'Admin', 1, '2026-06-19 14:09:32'),
(22, 'masuk', 6, '001/SKET/UPAA/V/2021a', 'Nomor Agenda', 'Nomor agenda ditetapkan: 11111333', 'PT. JAI', 'Administrasi', 'admin', 'Admin', 1, '2026-06-19 14:26:44');

-- --------------------------------------------------------

--
-- Table structure for table `tbl_log`
--

CREATE TABLE `tbl_log` (
  `id` int(11) NOT NULL,
  `userid` varchar(50) NOT NULL,
  `activity` text NOT NULL,
  `date_created` datetime NOT NULL DEFAULT current_timestamp()
) ENGINE=InnoDB DEFAULT CHARSET=utf8mb4 COLLATE=utf8mb4_general_ci;

--
-- Dumping data for table `tbl_log`
--

INSERT INTO `tbl_log` (`id`, `userid`, `activity`, `date_created`) VALUES
(106, 'USR-1', 'Register new user asdasd', '2021-11-02 11:42:16'),
(107, 'USR-1', 'Delete data user - asdasd', '2021-11-02 11:43:05'),
(108, 'USR-1', 'Register new user erwer', '2021-11-02 11:43:13'),
(109, 'USR-1', 'Delete data user - erwer', '2021-11-02 11:43:24'),
(110, 'USR-1', 'Register new unit kerja dsfsdf', '2021-11-02 11:43:33'),
(111, 'USR-1', 'Delete data mst_unit_kerja - undefined', '2021-11-02 11:44:35'),
(112, 'USR-1', 'Register new unit kerja asdasd', '2021-11-02 11:44:41'),
(113, 'USR-1', 'Delete data mst_unit_kerja - undefined', '2021-11-02 11:44:45'),
(114, 'USR-1', 'Delete data tbl_surat_masuk - 001/SKET/ART/X/2021', '2021-11-02 16:04:34'),
(115, 'USR-1', 'Delete data tbl_surat_keluar - 001/SKET/UPAA/V/2021', '2021-11-02 16:22:23'),
(116, 'USR-1', 'Register new indeks fgjj', '2021-11-14 05:42:37'),
(117, 'USR-1', 'Delete data mst_indeks - sdfsdf', '2021-11-14 05:42:51'),
(118, 'USR-1', 'Delete data mst_indeks - fgjj', '2021-11-14 05:42:54'),
(119, 'USR-1', 'Register new indeks Surat Keterangan', '2021-11-14 05:43:35'),
(120, 'USR-1', 'Register new indeks Surat Keputusan', '2021-11-14 05:43:56'),
(121, 'USR-1', 'Delete data mst_unit_kerja - undefined', '2021-11-14 05:44:35'),
(122, 'USR-1', 'Register new unit kerja MKT', '2021-11-14 05:45:00'),
(123, 'USR-1', 'Register new unit kerja ADM', '2021-11-14 05:45:19'),
(124, 'USR-1', 'Register new user kadin', '2021-11-14 05:47:20'),
(125, 'USR-6', 'Delete data tbl_surat_masuk - 001/SKET/ART/X/2021', '2021-11-14 05:50:08'),
(126, 'superadmin', 'Delete data tbl_surat_masuk - sdfsdf', '2021-11-14 06:24:07'),
(127, 'USR-1', 'Delete data tbl_surat_masuk - adsdasd', '2021-11-14 06:27:37'),
(128, 'USR-1', 'Delete data tbl_surat_masuk - jhk', '2021-11-14 10:12:31'),
(129, 'USR-1', 'Delete data tbl_surat_masuk - asdad', '2021-11-14 16:25:02'),
(130, 'USR-1', 'Delete data tbl_surat_masuk - 0056/SCM/XI/2021', '2021-11-14 16:25:06'),
(131, 'USR-1', 'Register new unit kerja DRS', '2021-11-14 16:26:32'),
(132, 'USR-1', 'Delete data mst_unit_kerja - undefined', '2021-11-14 16:27:56'),
(133, 'superadmin', 'Delete data tbl_surat_masuk - assdasd', '2021-11-14 16:58:31'),
(134, 'superadmin', 'Delete data user - kadin', '2021-11-14 17:02:58'),
(135, 'USR-1', 'Delete data tbl_surat_keluar - asdasd', '2021-11-15 15:02:23'),
(136, 'USR-2', 'Register new unit kerja Industri', '2021-11-23 08:18:25'),
(137, 'USR-2', 'Delete data mst_unit_kerja - undefined', '2021-11-23 08:22:24'),
(138, 'USR-2', 'Register new unit kerja asda', '2021-11-23 08:23:13'),
(139, 'USR-2', 'Delete data mst_unit_kerja - undefined', '2021-11-23 08:23:16'),
(140, 'USR-2', 'Register new unit kerja asd', '2021-11-23 08:24:21'),
(141, 'USR-2', 'Delete data mst_unit_kerja - undefined', '2021-11-23 08:24:24'),
(142, 'USR-2', 'Register new unit kerja asd', '2021-11-23 08:24:42'),
(143, 'USR-2', 'Delete data mst_unit_kerja - undefined', '2021-11-23 08:24:47'),
(144, 'USR-1', 'Register new indeks asd', '2021-11-23 09:03:08'),
(145, 'USR-1', 'Delete data mst_indeks - asd', '2021-11-23 09:03:11'),
(146, 'USR-1', 'Register new unit kerja asdasd', '2021-11-23 09:03:19'),
(147, 'USR-1', 'Delete data mst_unit_kerja - undefined', '2021-11-23 09:03:22'),
(148, 'USR-1', 'Register new user asdasd', '2021-11-23 09:03:30'),
(149, 'USR-1', 'Delete data user - asdasd', '2021-11-23 09:03:34'),
(150, 'USR-1', 'Delete data tbl_pesan - ', '2021-11-23 09:11:38'),
(151, 'USR-1', 'Register new indeks asdaasd', '2021-11-23 09:11:49'),
(152, 'USR-1', 'Delete data mst_indeks - asdaasd', '2021-11-23 09:11:53'),
(153, 'USR-1', 'Register new unit kerja asda', '2021-11-23 09:12:00'),
(154, 'USR-1', 'Delete data mst_unit_kerja - undefined', '2021-11-23 09:12:04'),
(155, 'USR-1', 'Register new user asdaasd', '2021-11-23 09:12:13'),
(156, 'USR-1', 'Delete data user - asdaasd', '2021-11-23 09:12:17'),
(157, 'USR-1', 'Delete data tbl_surat_masuk - 09/XXX/JAI/2021a', '2021-11-23 09:12:44'),
(158, 'admin', 'Delete data tbl_surat_masuk - SURAT-01', '2026-06-18 14:19:49'),
(159, 'admin', 'Delete data tbl_surat_masuk - 001/SKET/ART/X/2021', '2026-06-18 14:19:53'),
(160, 'admin', 'Delete data tbl_surat_masuk - 001/SKET/PRES/X/2021', '2026-06-18 14:19:55'),
(161, 'admin', 'Delete data tbl_surat_masuk - 001/SKET/UPAA/V/2021', '2026-06-18 14:19:59'),
(162, 'admin', 'Delete data tbl_surat_keluar - 001/SKET/UPAA/V/2021a', '2026-06-18 14:20:03'),
(163, 'USR-2', 'Delete data tbl_pesan - ', '2026-06-18 14:36:38'),
(164, 'USR-2', 'Delete data tbl_pesan - ', '2026-06-18 14:36:40'),
(165, 'USR-3', 'Delete data tbl_pesan - ', '2026-06-19 14:19:49'),
(166, 'USR-3', 'Delete data tbl_pesan - ', '2026-06-19 14:19:51'),
(167, 'USR-3', 'Delete data tbl_pesan - ', '2026-06-19 14:19:53'),
(168, 'USR-5', 'Delete data tbl_pesan - ', '2026-06-20 10:41:10'),
(169, 'USR-5', 'Delete data tbl_pesan - ', '2026-06-20 10:41:12'),
(170, 'USR-5', 'Delete data tbl_pesan - ', '2026-06-20 10:41:15');

-- --------------------------------------------------------

--
-- Table structure for table `tbl_pesan`
--

CREATE TABLE `tbl_pesan` (
  `id` int(11) NOT NULL,
  `id_surat_masuk` int(11) NOT NULL,
  `pengirim` varchar(255) NOT NULL,
  `penerima` varchar(255) NOT NULL,
  `perihal` varchar(255) NOT NULL,
  `pesan` text NOT NULL,
  `nama_file` varchar(255) NOT NULL,
  `is_read` enum('YES','NO') NOT NULL DEFAULT 'NO',
  `date_created` datetime NOT NULL DEFAULT current_timestamp()
) ENGINE=InnoDB DEFAULT CHARSET=latin1 COLLATE=latin1_swedish_ci;

--
-- Dumping data for table `tbl_pesan`
--

INSERT INTO `tbl_pesan` (`id`, `id_surat_masuk`, `pengirim`, `penerima`, `perihal`, `pesan`, `nama_file`, `is_read`, `date_created`) VALUES
(14, 7, 'Kepala Dinas', 'Pengagenda', 'Surat Keputusan', '', 'Muchlisin.pdf', 'NO', '2021-11-23 09:11:31'),
(16, 3, 'Kepala Dinas', 'Pengagenda', 'Surat Keterangan', '', '', 'YES', '2021-11-26 11:43:16'),
(19, 4, 'Kepala Dinas', 'Pengagenda', 'none', 'TES DISPOSISI', 'Tes_SCM_M_Taftiyan.pdf', 'NO', '2021-11-29 09:07:23'),
(23, 3, 'Sekretaris', 'Kepala Dinas', 'Surat Keterangan', 'sudah', '', 'YES', '2023-12-31 12:05:46'),
(27, 6, 'Admin', 'Sekretaris', 'Surat Keterangan', 'HALO BU SILAHKAN DI BACA', 'blank_(1)1.pdf', 'YES', '2026-06-18 14:36:02'),
(28, 6, 'Sekretaris', 'Admin', 'Surat Keterangan', 'oke', 'blank_(1)1.pdf', 'YES', '2026-06-19 13:56:00');

-- --------------------------------------------------------

--
-- Table structure for table `tbl_surat_keluar`
--

CREATE TABLE `tbl_surat_keluar` (
  `id` int(11) NOT NULL,
  `tujuan` varchar(255) NOT NULL,
  `no_surat` varchar(255) NOT NULL,
  `tanggal_surat` date NOT NULL,
  `unit_pengirim` varchar(255) NOT NULL,
  `indeks` varchar(255) NOT NULL,
  `sifat` varchar(255) NOT NULL,
  `ringkasan_surat` text NOT NULL,
  `nama_file` varchar(255) NOT NULL,
  `template_approval_id` int(11) DEFAULT NULL,
  `status_approval` varchar(50) NOT NULL DEFAULT 'Draft',
  `date_created` timestamp NOT NULL DEFAULT current_timestamp()
) ENGINE=InnoDB DEFAULT CHARSET=latin1 COLLATE=latin1_swedish_ci;

--
-- Dumping data for table `tbl_surat_keluar`
--

INSERT INTO `tbl_surat_keluar` (`id`, `tujuan`, `no_surat`, `tanggal_surat`, `unit_pengirim`, `indeks`, `sifat`, `ringkasan_surat`, `nama_file`, `template_approval_id`, `status_approval`, `date_created`) VALUES
(2, 'DINAS PENDIDIKAN', 'SURAT-01', '2026-06-19', 'Administrasi', 'Surat Keputusan', 'Biasa', 'DINAS PENDIDIKAN surat', 'blank_(1)1.pdf', 1, 'Disetujui', '2026-06-19 06:40:27');

-- --------------------------------------------------------

--
-- Table structure for table `tbl_surat_masuk`
--

CREATE TABLE `tbl_surat_masuk` (
  `id` int(11) NOT NULL,
  `asal` varchar(255) NOT NULL,
  `no_surat` varchar(255) NOT NULL,
  `tanggal_surat` date NOT NULL,
  `tanggal_surat_diterima` date NOT NULL,
  `unit_penerima` varchar(255) NOT NULL,
  `indeks` varchar(255) NOT NULL,
  `sifat` varchar(50) NOT NULL,
  `ringkasan_surat` text NOT NULL,
  `nama_file` varchar(255) NOT NULL,
  `status_surat` varchar(50) NOT NULL,
  `date_created` timestamp NOT NULL DEFAULT current_timestamp(),
  `nomor_agenda` varchar(50) NOT NULL
) ENGINE=InnoDB DEFAULT CHARSET=latin1 COLLATE=latin1_swedish_ci;

--
-- Dumping data for table `tbl_surat_masuk`
--

INSERT INTO `tbl_surat_masuk` (`id`, `asal`, `no_surat`, `tanggal_surat`, `tanggal_surat_diterima`, `unit_penerima`, `indeks`, `sifat`, `ringkasan_surat`, `nama_file`, `status_surat`, `date_created`, `nomor_agenda`) VALUES
(6, 'PT. JAI', '001/SKET/UPAA/V/2021a', '2026-06-18', '2026-06-18', 'Administrasi', 'Surat Keterangan', 'Biasa', 'TESTING', 'blank_(1)1.pdf', 'Didisposisikan', '2026-06-18 07:35:11', '11111333');

-- --------------------------------------------------------

--
-- Table structure for table `user`
--

CREATE TABLE `user` (
  `id` int(11) NOT NULL,
  `name` varchar(128) NOT NULL,
  `userid` varchar(128) NOT NULL,
  `password` varchar(256) NOT NULL,
  `nomor_induk` varchar(50) NOT NULL,
  `role_id` int(11) NOT NULL,
  `is_active` int(1) NOT NULL,
  `date_created` timestamp NOT NULL DEFAULT current_timestamp()
) ENGINE=InnoDB DEFAULT CHARSET=latin1 COLLATE=latin1_swedish_ci;

--
-- Dumping data for table `user`
--

INSERT INTO `user` (`id`, `name`, `userid`, `password`, `nomor_induk`, `role_id`, `is_active`, `date_created`) VALUES
(7, 'Admin', 'admin', '$2y$10$oqA0OOCi1kCl0yc43UG8aOz0Jja5AGHd9TmS3j1BIW6CJH1/LbE/C', '12345', 1, 1, '2021-09-20 03:56:42'),
(9, 'Sekretaris', 'USR-2', '$2y$10$oqA0OOCi1kCl0yc43UG8aOz0Jja5AGHd9TmS3j1BIW6CJH1/LbE/C', '67890', 2, 1, '2021-09-20 03:56:46'),
(15, 'Kasubag Umum', 'USR-3', '$2y$10$oqA0OOCi1kCl0yc43UG8aOz0Jja5AGHd9TmS3j1BIW6CJH1/LbE/C', '09876', 3, 1, '2021-09-20 03:56:54'),
(17, 'Pengagenda', 'USR-4', '$2y$10$oqA0OOCi1kCl0yc43UG8aOz0Jja5AGHd9TmS3j1BIW6CJH1/LbE/C', '54321', 4, 1, '2021-09-20 03:38:09'),
(18, 'Unit Kerja', 'USR-5', '$2y$10$oqA0OOCi1kCl0yc43UG8aOz0Jja5AGHd9TmS3j1BIW6CJH1/LbE/C', '34234234', 5, 1, '2021-09-20 03:38:09');

-- --------------------------------------------------------

--
-- Table structure for table `user_role`
--

CREATE TABLE `user_role` (
  `id` int(11) NOT NULL,
  `role` varchar(128) NOT NULL
) ENGINE=InnoDB DEFAULT CHARSET=latin1 COLLATE=latin1_swedish_ci;

--
-- Dumping data for table `user_role`
--

INSERT INTO `user_role` (`id`, `role`) VALUES
(1, 'Rektorat'),
(2, 'Sekretaris'),
(3, 'Kasubag Umum'),
(4, 'Pengagenda'),
(5, 'Unit Kerja');

--
-- Indexes for dumped tables
--

--
-- Indexes for table `ci_sessions`
--
ALTER TABLE `ci_sessions`
  ADD PRIMARY KEY (`id`),
  ADD KEY `ci_sessions_timestamp` (`timestamp`);

--
-- Indexes for table `doc_approval_actions`
--
ALTER TABLE `doc_approval_actions`
  ADD PRIMARY KEY (`id`),
  ADD KEY `idx_doc_approval_actions_request` (`request_id`),
  ADD KEY `idx_doc_approval_actions_step` (`step_id`),
  ADD KEY `idx_doc_approval_actions_user` (`approver_userid`);

--
-- Indexes for table `doc_approval_documents`
--
ALTER TABLE `doc_approval_documents`
  ADD PRIMARY KEY (`id`),
  ADD KEY `idx_doc_approval_documents_number` (`document_number`),
  ADD KEY `idx_doc_approval_documents_status` (`status`),
  ADD KEY `idx_doc_approval_documents_flow` (`flow_id`),
  ADD KEY `idx_doc_approval_documents_submitter` (`submitted_by`);

--
-- Indexes for table `doc_approval_flows`
--
ALTER TABLE `doc_approval_flows`
  ADD PRIMARY KEY (`id`),
  ADD KEY `idx_doc_approval_flows_type` (`document_type`),
  ADD KEY `idx_doc_approval_flows_active` (`is_active`);

--
-- Indexes for table `doc_approval_qrcodes`
--
ALTER TABLE `doc_approval_qrcodes`
  ADD PRIMARY KEY (`id`),
  ADD UNIQUE KEY `uniq_doc_approval_qrcodes_token` (`verification_token`),
  ADD KEY `idx_doc_approval_qrcodes_request` (`request_id`),
  ADD KEY `idx_doc_approval_qrcodes_document` (`document_type`,`document_id`);

--
-- Indexes for table `doc_approval_requests`
--
ALTER TABLE `doc_approval_requests`
  ADD PRIMARY KEY (`id`),
  ADD KEY `idx_doc_approval_requests_document` (`document_type`,`document_id`),
  ADD KEY `idx_doc_approval_requests_flow` (`flow_id`),
  ADD KEY `idx_doc_approval_requests_status` (`status`);

--
-- Indexes for table `doc_approval_steps`
--
ALTER TABLE `doc_approval_steps`
  ADD PRIMARY KEY (`id`),
  ADD KEY `idx_doc_approval_steps_flow` (`flow_id`),
  ADD KEY `idx_doc_approval_steps_order` (`flow_id`,`step_order`);

--
-- Indexes for table `doc_approval_step_approvers`
--
ALTER TABLE `doc_approval_step_approvers`
  ADD PRIMARY KEY (`id`),
  ADD KEY `idx_doc_approval_step_approvers_step` (`step_id`),
  ADD KEY `idx_doc_approval_step_approvers_user` (`approver_userid`);

--
-- Indexes for table `mst_apps`
--
ALTER TABLE `mst_apps`
  ADD PRIMARY KEY (`id`);

--
-- Indexes for table `mst_indeks`
--
ALTER TABLE `mst_indeks`
  ADD PRIMARY KEY (`id`);

--
-- Indexes for table `mst_template_approval`
--
ALTER TABLE `mst_template_approval`
  ADD PRIMARY KEY (`id`);

--
-- Indexes for table `mst_template_approval_detail`
--
ALTER TABLE `mst_template_approval_detail`
  ADD PRIMARY KEY (`id`),
  ADD KEY `idx_template_id` (`template_id`),
  ADD KEY `idx_approver_userid` (`approver_userid`);

--
-- Indexes for table `mst_unit_kerja`
--
ALTER TABLE `mst_unit_kerja`
  ADD PRIMARY KEY (`id`);

--
-- Indexes for table `tbl_approval_naskah_keluar`
--
ALTER TABLE `tbl_approval_naskah_keluar`
  ADD PRIMARY KEY (`id`),
  ADD KEY `idx_surat_keluar` (`id_surat_keluar`),
  ADD KEY `idx_approver` (`approver_userid`),
  ADD KEY `idx_status` (`status`);

--
-- Indexes for table `tbl_disposisi`
--
ALTER TABLE `tbl_disposisi`
  ADD PRIMARY KEY (`id`),
  ADD KEY `id_surat` (`id_surat`),
  ADD KEY `no_surat` (`no_surat`),
  ADD KEY `pengirim` (`pengirim`),
  ADD KEY `penerima` (`penerima`);

--
-- Indexes for table `tbl_histori_naskah`
--
ALTER TABLE `tbl_histori_naskah`
  ADD PRIMARY KEY (`id`),
  ADD KEY `idx_histori_naskah` (`jenis_naskah`,`id_naskah`),
  ADD KEY `idx_histori_no_surat` (`no_surat`),
  ADD KEY `idx_histori_aksi` (`aksi`),
  ADD KEY `idx_histori_date` (`date_created`);

--
-- Indexes for table `tbl_log`
--
ALTER TABLE `tbl_log`
  ADD PRIMARY KEY (`id`),
  ADD KEY `userid` (`userid`),
  ADD KEY `date_created` (`date_created`);

--
-- Indexes for table `tbl_pesan`
--
ALTER TABLE `tbl_pesan`
  ADD PRIMARY KEY (`id`),
  ADD KEY `pengirim` (`pengirim`),
  ADD KEY `penerima` (`penerima`),
  ADD KEY `perihal` (`perihal`),
  ADD KEY `id_surat_masuk` (`id_surat_masuk`);

--
-- Indexes for table `tbl_surat_keluar`
--
ALTER TABLE `tbl_surat_keluar`
  ADD PRIMARY KEY (`id`);

--
-- Indexes for table `tbl_surat_masuk`
--
ALTER TABLE `tbl_surat_masuk`
  ADD PRIMARY KEY (`id`);

--
-- Indexes for table `user`
--
ALTER TABLE `user`
  ADD PRIMARY KEY (`id`),
  ADD UNIQUE KEY `userid` (`userid`) USING BTREE;

--
-- Indexes for table `user_role`
--
ALTER TABLE `user_role`
  ADD PRIMARY KEY (`id`);

--
-- AUTO_INCREMENT for dumped tables
--

--
-- AUTO_INCREMENT for table `doc_approval_actions`
--
ALTER TABLE `doc_approval_actions`
  MODIFY `id` int(11) NOT NULL AUTO_INCREMENT, AUTO_INCREMENT=3;

--
-- AUTO_INCREMENT for table `doc_approval_documents`
--
ALTER TABLE `doc_approval_documents`
  MODIFY `id` int(11) NOT NULL AUTO_INCREMENT, AUTO_INCREMENT=3;

--
-- AUTO_INCREMENT for table `doc_approval_flows`
--
ALTER TABLE `doc_approval_flows`
  MODIFY `id` int(11) NOT NULL AUTO_INCREMENT, AUTO_INCREMENT=2;

--
-- AUTO_INCREMENT for table `doc_approval_qrcodes`
--
ALTER TABLE `doc_approval_qrcodes`
  MODIFY `id` int(11) NOT NULL AUTO_INCREMENT, AUTO_INCREMENT=3;

--
-- AUTO_INCREMENT for table `doc_approval_requests`
--
ALTER TABLE `doc_approval_requests`
  MODIFY `id` int(11) NOT NULL AUTO_INCREMENT, AUTO_INCREMENT=3;

--
-- AUTO_INCREMENT for table `doc_approval_steps`
--
ALTER TABLE `doc_approval_steps`
  MODIFY `id` int(11) NOT NULL AUTO_INCREMENT, AUTO_INCREMENT=2;

--
-- AUTO_INCREMENT for table `doc_approval_step_approvers`
--
ALTER TABLE `doc_approval_step_approvers`
  MODIFY `id` int(11) NOT NULL AUTO_INCREMENT, AUTO_INCREMENT=2;

--
-- AUTO_INCREMENT for table `mst_apps`
--
ALTER TABLE `mst_apps`
  MODIFY `id` int(11) NOT NULL AUTO_INCREMENT, AUTO_INCREMENT=2;

--
-- AUTO_INCREMENT for table `mst_indeks`
--
ALTER TABLE `mst_indeks`
  MODIFY `id` int(11) NOT NULL AUTO_INCREMENT, AUTO_INCREMENT=11;

--
-- AUTO_INCREMENT for table `mst_template_approval`
--
ALTER TABLE `mst_template_approval`
  MODIFY `id` int(11) NOT NULL AUTO_INCREMENT, AUTO_INCREMENT=2;

--
-- AUTO_INCREMENT for table `mst_template_approval_detail`
--
ALTER TABLE `mst_template_approval_detail`
  MODIFY `id` int(11) NOT NULL AUTO_INCREMENT, AUTO_INCREMENT=2;

--
-- AUTO_INCREMENT for table `mst_unit_kerja`
--
ALTER TABLE `mst_unit_kerja`
  MODIFY `id` int(11) NOT NULL AUTO_INCREMENT, AUTO_INCREMENT=5;

--
-- AUTO_INCREMENT for table `tbl_approval_naskah_keluar`
--
ALTER TABLE `tbl_approval_naskah_keluar`
  MODIFY `id` int(11) NOT NULL AUTO_INCREMENT, AUTO_INCREMENT=2;

--
-- AUTO_INCREMENT for table `tbl_disposisi`
--
ALTER TABLE `tbl_disposisi`
  MODIFY `id` int(11) NOT NULL AUTO_INCREMENT, AUTO_INCREMENT=41;

--
-- AUTO_INCREMENT for table `tbl_histori_naskah`
--
ALTER TABLE `tbl_histori_naskah`
  MODIFY `id` int(11) NOT NULL AUTO_INCREMENT, AUTO_INCREMENT=23;

--
-- AUTO_INCREMENT for table `tbl_log`
--
ALTER TABLE `tbl_log`
  MODIFY `id` int(11) NOT NULL AUTO_INCREMENT, AUTO_INCREMENT=171;

--
-- AUTO_INCREMENT for table `tbl_pesan`
--
ALTER TABLE `tbl_pesan`
  MODIFY `id` int(11) NOT NULL AUTO_INCREMENT, AUTO_INCREMENT=29;

--
-- AUTO_INCREMENT for table `tbl_surat_keluar`
--
ALTER TABLE `tbl_surat_keluar`
  MODIFY `id` int(11) NOT NULL AUTO_INCREMENT, AUTO_INCREMENT=3;

--
-- AUTO_INCREMENT for table `tbl_surat_masuk`
--
ALTER TABLE `tbl_surat_masuk`
  MODIFY `id` int(11) NOT NULL AUTO_INCREMENT, AUTO_INCREMENT=7;

--
-- AUTO_INCREMENT for table `user`
--
ALTER TABLE `user`
  MODIFY `id` int(11) NOT NULL AUTO_INCREMENT, AUTO_INCREMENT=19;

--
-- AUTO_INCREMENT for table `user_role`
--
ALTER TABLE `user_role`
  MODIFY `id` int(11) NOT NULL AUTO_INCREMENT, AUTO_INCREMENT=6;
COMMIT;

/*!40101 SET CHARACTER_SET_CLIENT=@OLD_CHARACTER_SET_CLIENT */;
/*!40101 SET CHARACTER_SET_RESULTS=@OLD_CHARACTER_SET_RESULTS */;
/*!40101 SET COLLATION_CONNECTION=@OLD_COLLATION_CONNECTION */;
